ticker,date,vader_sentiment_mean,finbert_sentiment_mean,article_count
AAPL,2025-10-31,0.18673846153846155,0.19154876929063064,26
AAPL,2025-11-02,0.16140833333333335,-0.1634198526541392,12
AAPL,2025-11-03,0.14678333333333335,-0.02723518841796451,18
AAPL,2025-11-04,-0.03987777777777777,-0.2114653786023458,9
AAPL,2025-11-05,0.01307777777777778,-0.2936368054813809,9
AAPL,2025-11-06,0.13898181818181818,0.08553813804279674,11
AAPL,2025-11-07,-0.16999999999999998,-0.2836040386131832,7
AAPL,2025-11-08,0.248475,0.205186665058136,4
AAPL,2025-11-09,0.21906666666666666,0.1754619280497233,3
ABNB,2025-10-15,-0.8957,-0.6034619808197021,1
ABNB,2025-10-22,0.0,-0.9518730640411377,1
ABNB,2025-10-30,-0.128,-0.5248903036117554,1
ABNB,2025-10-31,0.4767,0.8227499723434448,1
ABNB,2025-11-02,-0.039075,-0.4474920183420181,4
ABNB,2025-11-03,0.288325,-0.08782651275396347,4
ABNB,2025-11-04,0.07153333333333335,-0.33165520429611206,3
ABNB,2025-11-05,0.004150000000000001,-0.06053280830383301,4
ABNB,2025-11-06,-0.10657499999999999,-0.5660888701677322,12
ABNB,2025-11-07,-0.2753111111111111,-0.5191330744160546,9
ADBE,2025-10-15,0.0,0.0,1
ADBE,2025-10-18,0.8402,0.0,1
ADBE,2025-10-20,0.296,0.8692845702171326,1
ADBE,2025-10-21,0.3762,-0.02255299687385559,4
ADBE,2025-10-22,0.0,0.0,2
ADBE,2025-10-24,0.148,0.3693995177745819,2
ADBE,2025-10-26,0.0,0.0,1
ADBE,2025-10-27,0.296,0.4346422851085663,2
ADBE,2025-10-28,0.059199999999999996,0.15781952142715455,5
ADBE,2025-10-29,0.296,0.8692845702171326,1
ADBE,2025-10-30,0.1686,0.07686394453048706,5
ADBE,2025-10-31,0.12878333333333333,0.26818522810935974,6
ADBE,2025-11-02,0.50615,0.25772517919540405,2
ADBE,2025-11-04,0.0,0.0,3
ADBE,2025-11-06,0.0,0.0,1
ADBE,2025-11-07,0.3612,0.0,1
ADBE,2025-11-08,0.0,0.0,1
ADI,2025-10-22,0.4215,0.0,1
ADI,2025-10-23,0.12745,0.0,4
ADI,2025-10-24,0.0,0.0,2
ADI,2025-10-25,-0.1589,-0.31420276562372845,3
ADI,2025-10-27,0.15293333333333334,0.0,3
ADI,2025-10-28,0.21337142857142857,0.0,7
ADI,2025-10-29,0.09576666666666667,-0.06902615229288737,3
ADI,2025-10-30,0.1776333333333333,0.26168471574783325,6
ADI,2025-10-31,-0.28578571428571425,-0.009825774601527624,7
ADI,2025-11-01,0.3033666666666667,0.0,3
ADI,2025-11-03,-0.2449777777777778,-0.24093417988883126,9
ADI,2025-11-04,0.04061428571428572,-0.2701878377369472,7
ADI,2025-11-05,0.30395,0.2984185963869095,8
ADI,2025-11-06,0.09587999999999999,0.08325334787368774,10
ADI,2025-11-07,0.123025,0.09247548133134842,8
ADI,2025-11-08,0.01048571428571429,-0.37971161944525583,7
ADI,2025-11-09,0.014485714285714284,-0.22753935200827463,7
ADI,2025-11-10,0.0,0.0,2
ADP,2025-11-05,0.09306428571428571,-0.008983735527311052,28
ADP,2025-11-06,-0.005686486486486489,-0.2716196549905313,37
ADP,2025-11-07,-0.3208166666666667,-0.7333056198226081,18
ADP,2025-11-08,-0.07636,-0.3448155403137207,5
ADP,2025-11-09,0.008316666666666667,-0.31365249554316205,6
ADP,2025-11-10,0.0,0.0,1
ADSK,2025-10-13,0.0,0.8884745240211487,1
ADSK,2025-10-14,0.0,-0.6834283471107483,1
ADSK,2025-10-15,0.0,0.5410181879997253,1
ADSK,2025-10-22,0.2263,0.0,1
ADSK,2025-10-27,0.7506,0.6208866238594055,1
ADSK,2025-10-28,0.0,0.0,1
ADSK,2025-11-06,0.0,0.9559265375137329,1
AEP,2025-10-13,-0.04943333333333333,0.5222181677818298,3
AEP,2025-10-14,0.1636,-0.03884810209274292,2
AEP,2025-10-15,0.0,0.0,1
AEP,2025-10-16,0.36064666666666667,0.7389311194419861,15
AEP,2025-10-17,0.35233333333333333,0.31663936376571655,3
AEP,2025-10-18,0.0,0.0,1
AEP,2025-10-20,0.5106,0.9169825911521912,1
AEP,2025-10-21,0.1366,0.0,2
AEP,2025-10-22,-0.3753,-0.38208481669425964,2
AEP,2025-10-23,0.42595,0.0,2
AEP,2025-10-24,0.6908,0.9148605465888977,1
AEP,2025-10-25,0.0772,0.0,1
AEP,2025-10-26,0.3404,0.46629226207733154,2
AEP,2025-10-27,0.34735,0.07732683420181274,2
AEP,2025-10-28,0.4215,0.7664956450462341,1
AEP,2025-10-29,0.04073333333333332,0.21634415785471597,3
AEP,2025-10-30,0.17020000000000002,0.626375695069631,3
AEP,2025-10-31,0.25,0.0,1
AEP,2025-11-01,0.1027,0.0,1
AEP,2025-11-03,0.08843333333333332,0.15082224210103354,6
AEP,2025-11-04,0.0,0.0,2
AEP,2025-11-05,0.1531,0.0,1
AEP,2025-11-06,0.0,0.0,2
AEP,2025-11-09,0.3612,0.7651314437389374,2
AMAT,2025-10-13,0.102,0.2984611913561821,8
AMAT,2025-10-14,0.25,0.0,2
AMAT,2025-10-15,0.237725,0.3127214312553406,8
AMAT,2025-10-16,0.0,0.0,1
AMAT,2025-10-17,-0.14195,0.3325086832046509,4
AMAT,2025-10-18,0.10115,0.20391179621219635,4
AMAT,2025-10-19,0.14286666666666667,0.23510770003000894,3
AMAT,2025-10-22,0.3715,0.0,2
AMAT,2025-10-23,0.0,-0.10954824090003967,2
AMAT,2025-10-24,0.0,-0.592366635799408,1
AMAT,2025-10-27,0.19326666666666667,-0.3148789207140605,3
AMAT,2025-10-28,-0.08779999999999999,0.0,2
AMAT,2025-10-29,-0.26716666666666666,-0.29288631677627563,3
AMAT,2025-10-30,0.0,0.0,1
AMAT,2025-10-31,0.1779,0.0,1
AMAT,2025-11-04,-0.296,-0.9697656035423279,1
AMAT,2025-11-05,0.6603,0.8139885365962982,2
AMAT,2025-11-06,-0.33580000000000004,-0.956354558467865,3
AMAT,2025-11-07,0.1531,0.9431337714195251,1
AMAT,2025-11-08,0.4141333333333333,0.0,3
AMAT,2025-11-09,-0.21075,0.0,2
AMD,2025-11-08,0.0773159090909091,-0.030051135204055092,44
AMD,2025-11-09,0.188305,0.0608687162399292,40
AMD,2025-11-10,0.05465000000000001,-0.060900436980383735,14
AMGN,2025-10-14,0.0,0.0,1
AMGN,2025-10-16,0.7096,0.9092715382575989,1
AMGN,2025-10-26,0.0,0.0,1
AMGN,2025-10-31,0.0,0.0,1
AMGN,2025-11-02,-0.0607,-0.27897385756174725,3
AMGN,2025-11-03,0.04026666666666667,-0.028427342573801678,3
AMGN,2025-11-04,-0.111375,-0.9431014806032181,4
AMGN,2025-11-05,0.50285,0.2145618349313736,4
AMGN,2025-11-06,0.0,0.43546101450920105,2
AMZN,2025-11-07,-0.04265434782608696,-0.10299664606218753,46
AMZN,2025-11-08,-0.08745897435897436,-0.04809025464913784,39
AMZN,2025-11-09,0.168925,-0.06023463110129038,12
AMZN,2025-11-10,0.0,0.0,3
APP,2025-11-10,0.015008080808080805,-0.0898826579854946,99
ARM,2025-11-09,-0.013997222222222216,0.02136171029673682,36
ARM,2025-11-10,0.022562295081967214,-0.0624929744689191,61
ASML,2025-10-19,0.054800000000000015,0.2966431776682536,3
ASML,2025-10-20,-0.0853142857142857,-0.2694598691804068,7
ASML,2025-10-21,0.33086000000000004,-0.1290414810180664,5
ASML,2025-10-22,0.13634545454545455,-0.2741836661642248,11
ASML,2025-10-23,-0.2786666666666667,-0.3141304850578308,3
ASML,2025-10-24,-0.00520000000000002,0.30953866243362427,3
ASML,2025-10-25,0.17,0.0,2
ASML,2025-10-26,-0.04016666666666666,-0.24977709849675497,3
ASML,2025-10-27,0.49416666666666664,0.0,3
ASML,2025-10-28,0.09327857142857143,0.22653021131243026,14
ASML,2025-10-29,-0.03679090909090909,0.42233440009030426,11
ASML,2025-10-30,0.3646666666666667,0.5335131585597992,6
ASML,2025-10-31,0.4543333333333333,0.6049488186836243,3
ASML,2025-11-01,0.6249,0.0,1
ASML,2025-11-03,0.04810000000000002,0.23540660738945007,4
ASML,2025-11-04,0.40080000000000005,0.3981754779815674,2
ASML,2025-11-05,-0.048660000000000016,-0.3844220757484436,5
ASML,2025-11-06,0.08333333333333333,0.5542862216631571,3
ASML,2025-11-07,-0.15631666666666666,-0.1581632395585378,6
ASML,2025-11-08,0.31845,0.0,2
ASML,2025-11-09,0.0,0.0,1
ASML,2025-11-10,-0.42745,-0.04347488284111023,2
AVGO,2025-10-16,0.0,0.7373379468917847,1
AVGO,2025-10-17,-0.0714625,0.13811776787042618,8
AVGO,2025-10-18,0.26335,0.6403660178184509,2
AVGO,2025-10-20,0.11333333333333334,0.3117342988650004,3
AVGO,2025-10-21,0.1768375,0.09172724187374115,8
AVGO,2025-10-22,0.13396666666666665,0.0,3
AVGO,2025-10-23,0.016041666666666673,0.13988673190275827,12
AVGO,2025-10-24,0.38556666666666667,0.7704499761263529,3
AVGO,2025-10-25,-0.1909,-0.42262792587280273,2
AVGO,2025-10-26,0.07415,0.2990359961986542,2
AVGO,2025-10-27,0.2282625,0.17923035472631454,8
AVGO,2025-10-28,0.026111111111111116,-0.05892866849899292,9
AVGO,2025-10-29,-0.05781428571428572,-0.1840195826121739,7
AVGO,2025-10-30,-0.014225000000000002,0.0,4
AVGO,2025-10-31,0.17157142857142857,-0.004492427621568952,7
AVGO,2025-11-02,0.38170000000000004,0.4726725220680237,4
AVGO,2025-11-03,0.02495,0.8186019957065582,2
AVGO,2025-11-04,0.44869999999999993,0.0,3
AVGO,2025-11-05,0.16975,-0.08846151828765869,2
AVGO,2025-11-06,0.09866666666666667,0.0,3
AVGO,2025-11-07,-0.39255,-0.4963070675730705,4
AVGO,2025-11-08,0.6369,0.0,1
AVGO,2025-11-09,-0.06275,-0.487405925989151,2
AXON,2025-11-04,-0.049469090909090914,-0.08606668548150496,55
AXON,2025-11-05,0.14381379310344827,-0.08234962718240146,29
AXON,2025-11-06,0.04786,0.25690457224845886,10
AXON,2025-11-07,-0.100475,-0.17723426222801208,4
AXON,2025-11-10,0.0,0.0,1
AZN,2025-10-14,0.0,0.5106736421585083,1
AZN,2025-10-22,0.064,-0.34247294068336487,2
AZN,2025-10-23,-0.05103333333333334,-0.04851214090983073,3
AZN,2025-10-24,0.0,0.0,1
AZN,2025-10-28,0.0,0.0,1
AZN,2025-10-29,0.0,0.0,1
AZN,2025-10-31,0.4767,0.8227499723434448,1
AZN,2025-11-02,-0.148,-0.41846081614494324,2
AZN,2025-11-03,0.38443333333333335,-0.11710201700528462,3
AZN,2025-11-04,0.1491,-0.24874140322208405,4
AZN,2025-11-05,0.5901,-0.050668805837631226,2
AZN,2025-11-06,-0.15568571428571426,-0.6729703545570374,7
AZN,2025-11-07,-0.5423,-0.8756227493286133,1
AZN,2025-11-09,0.7506,0.0,1
BIIB,2025-10-13,0.0,0.8284467458724976,2
BIIB,2025-10-22,0.0,0.0,2
BIIB,2025-10-24,-0.10206666666666668,0.7591669162114462,3
BIIB,2025-10-26,0.2263,0.8078535199165344,1
BIIB,2025-10-29,-0.4767,-0.8376913666725159,1
BIIB,2025-10-30,0.191525,-0.4744437336921692,4
BIIB,2025-11-03,0.6369,0.0,1
BIIB,2025-11-06,0.6808,-0.6430105566978455,1
BKNG,2025-10-13,0.0,-0.5709189772605896,1
BKNG,2025-10-15,0.2023,0.0,1
BKNG,2025-10-21,0.23815,0.0,2
BKNG,2025-10-22,0.0,0.0,1
BKNG,2025-10-23,0.0,0.0,2
BKNG,2025-10-26,0.08895,0.0,2
BKNG,2025-10-27,0.23206666666666667,-0.3637802501519521,3
BKNG,2025-10-28,0.24433333333333332,0.31672708690166473,6
BKNG,2025-11-03,0.2263,0.0,1
BKNG,2025-11-06,-0.128,0.9135922789573669,1
BKNG,2025-11-07,0.025200000000000007,-0.472393661737442,2
BKR,2025-10-15,0.0,0.0,1
BKR,2025-10-19,-0.3818,0.0,1
BKR,2025-10-20,0.0,0.4374087154865265,2
BKR,2025-10-21,0.0,-0.14483201503753662,2
BKR,2025-10-22,-0.13404,-0.5139365077018738,5
BKR,2025-10-23,0.21,0.18580163518587747,12
BKR,2025-10-24,0.3182,0.8753291964530945,1
BKR,2025-10-28,0.3818,0.0,1
BKR,2025-10-29,0.0,0.0,1
BKR,2025-10-30,-0.3182,-0.6746538877487183,1
BKR,2025-11-06,0.0,0.0,2
CCEP,2025-10-22,0.3818,0.0,1
CCEP,2025-10-24,-0.1531,-0.9596474170684814,1
CCEP,2025-11-05,-0.4404,-0.9623181223869324,1
CDNS,2025-10-13,0.0,0.0,1
CDNS,2025-10-14,0.16176,0.0,5
CDNS,2025-10-15,0.17,0.4685269594192505,2
CDNS,2025-10-16,0.0,0.0,1
CDNS,2025-10-17,0.55575,0.4206359386444092,2
CDNS,2025-10-18,-0.4215,-0.9402916431427002,1
CDNS,2025-10-20,0.0,0.0,1
CDNS,2025-10-22,-0.2732,-0.9496028423309326,1
CDNS,2025-10-24,0.5017,0.29126879572868347,2
CDNS,2025-10-26,-0.026749999999999996,0.0,4
CDNS,2025-10-27,0.27568571428571426,-0.3398974282400949,7
CDNS,2025-10-28,0.1774,0.008257731795310974,4
CDNS,2025-10-29,0.1061,0.0,4
CDNS,2025-10-30,0.0,0.0,2
CDNS,2025-10-31,0.12571666666666667,-0.13848653435707092,6
CDNS,2025-11-02,0.0,0.0,1
CDNS,2025-11-03,0.0,0.0,1
CDNS,2025-11-04,0.042666666666666665,0.0,3
CDNS,2025-11-05,0.2646,0.23290066421031952,4
CDNS,2025-11-06,-0.2612333333333333,0.0,3
CDNS,2025-11-07,0.0,0.0,2
CDNS,2025-11-08,0.0,0.0,1
CDW,2025-10-13,0.0,0.0,2
CDW,2025-10-14,0.0,0.0,1
CDW,2025-10-15,0.0747,0.0,3
CDW,2025-10-16,0.0,0.0,2
CDW,2025-10-17,-0.3818,0.0,1
CDW,2025-10-19,0.0,0.0,1
CDW,2025-10-20,0.3182,0.0,1
CDW,2025-10-21,0.2023,0.0,1
CDW,2025-10-22,0.0,0.6787745356559753,1
CDW,2025-10-23,0.3818,-0.9651957750320435,1
CDW,2025-10-26,0.0,0.0,1
CDW,2025-10-28,0.6369,0.0,1
CDW,2025-11-02,0.0,0.0,1
CDW,2025-11-03,0.6011000000000001,0.586280624071757,3
CDW,2025-11-04,0.1162125,-0.42984869331121445,8
CDW,2025-11-05,-0.064,-0.17427560687065125,4
CDW,2025-11-06,0.26686666666666664,0.3828275203704834,3
CDW,2025-11-07,0.10834999999999999,0.19446498155593872,4
CDW,2025-11-09,0.0,0.0,1
CEG,2025-10-13,0.43239999999999995,0.6269744634628296,3
CEG,2025-10-14,0.2732,0.8209658265113831,1
CEG,2025-10-15,0.5106,0.6879172325134277,1
CEG,2025-10-16,0.2732,0.9197390675544739,1
CEG,2025-10-17,0.2732,0.0,1
CEG,2025-10-19,0.8126000000000001,0.0,3
CEG,2025-10-21,0.0386,0.0,2
CEG,2025-10-22,0.2732,0.0,1
CEG,2025-10-23,0.27115,0.42401424050331116,2
CEG,2025-10-25,0.16223333333333334,-0.013741016387939453,3
CEG,2025-10-27,-0.5423,-0.8577817678451538,1
CEG,2025-10-28,0.2732,0.0,1
CEG,2025-10-30,0.098625,0.019872888922691345,4
CEG,2025-10-31,0.4767,0.8227499723434448,1
CEG,2025-11-02,-0.148,-0.41846081614494324,2
CEG,2025-11-03,0.14636000000000002,-0.07026121020317078,5
CEG,2025-11-04,0.07153333333333335,-0.33165520429611206,3
CEG,2025-11-05,0.168775,-0.03505866229534149,4
CEG,2025-11-06,0.1366,-0.890919953584671,2
CEG,2025-11-07,-0.20111111111111113,-0.533417777882682,9
CEG,2025-11-08,0.4767,-0.9692248106002808,1
CHTR,2025-10-13,0.44659999999999994,-0.23256572087605795,3
CHTR,2025-10-21,-0.5719,-0.9443215131759644,1
CHTR,2025-10-22,0.0,0.0,1
CHTR,2025-10-26,0.0,0.0,1
CHTR,2025-10-30,0.2068,-0.014239668846130371,2
CHTR,2025-10-31,0.5386000000000001,0.7552696069081625,3
CHTR,2025-11-03,0.3612,0.0,1
CHTR,2025-11-04,0.06743333333333333,0.5279113054275513,3
CHTR,2025-11-06,-0.3182,-0.5301216840744019,1
CHTR,2025-11-07,0.0,0.0,2
CMCSA,2025-10-13,0.0,0.9496684074401855,2
CMCSA,2025-10-14,0.2553,0.4690634608268738,2
CMCSA,2025-10-15,0.3612,-0.6758396625518799,1
CMCSA,2025-10-16,0.0,0.622989296913147,1
CMCSA,2025-10-17,0.0,0.7926454544067383,1
CMCSA,2025-10-20,-0.128,0.0,1
CMCSA,2025-10-21,0.22036666666666668,0.0,3
CMCSA,2025-10-22,-0.018233333333333324,-0.5453172922134399,3
CMCSA,2025-10-23,0.0,0.0,1
CMCSA,2025-10-24,0.765,0.0,1
CMCSA,2025-10-26,0.08895,0.0,2
CMCSA,2025-10-28,0.0,0.7313952445983887,1
CMCSA,2025-10-29,-0.39744999999999997,-0.8938735723495483,2
CMCSA,2025-10-30,0.1372357142857143,-0.08474684613091606,14
CMCSA,2025-10-31,0.47595000000000004,0.6186936646699905,4
CMCSA,2025-11-01,0.4939,0.0,2
CMCSA,2025-11-04,0.2023,0.0,1
CMCSA,2025-11-05,0.148,0.36250564455986023,2
CMCSA,2025-11-06,0.128,0.0,1
CMCSA,2025-11-07,0.3818,-0.97468101978302,1
CMCSA,2025-11-09,0.0,0.0,1
CMCSA,2025-11-10,0.0,0.0,1
COST,2025-11-10,0.08316428571428572,-0.004303206594622865,98
CPRT,2025-10-23,0.0,-0.6408441464106241,3
CPRT,2025-10-27,0.0,0.0,1
CPRT,2025-11-04,0.0,-0.845681369304657,2
CRWD,2025-10-13,0.0,0.8879643678665161,2
CRWD,2025-10-14,0.0,0.20277641216913858,3
CRWD,2025-10-21,-0.4215,-0.9585060477256775,1
CRWD,2025-10-22,-0.125,0.0,2
CRWD,2025-10-24,0.0,0.0,1
CRWD,2025-10-26,0.4939,0.0,1
CRWD,2025-10-27,0.4404,0.0,1
CRWD,2025-10-28,0.07543333333333334,0.0,3
CRWD,2025-10-30,0.0,0.5674101114273071,1
CRWD,2025-10-31,0.41050000000000003,0.2946714361508687,3
CRWD,2025-11-02,0.5719,0.0,1
CRWD,2025-11-03,0.0,-0.5685769319534302,1
CRWD,2025-11-04,0.0,-0.2965737283229828,2
CRWD,2025-11-07,0.1591,0.0,2
CSCO,2025-10-13,-0.09106666666666667,-0.019767661889394123,3
CSCO,2025-10-14,0.19037500000000002,0.42605143785476685,4
CSCO,2025-10-16,0.0,0.0,2
CSCO,2025-10-20,0.148,0.4346422851085663,2
CSCO,2025-10-21,0.47613333333333335,0.46535589297612506,3
CSCO,2025-10-23,0.0,0.3868296146392822,2
CSCO,2025-10-24,0.148,0.3693995177745819,2
CSCO,2025-10-26,0.4939,0.0,1
CSCO,2025-10-27,0.061099999999999995,0.21732114255428314,4
CSCO,2025-10-28,0.159,0.44813787937164307,4
CSCO,2025-10-29,0.2594,0.3292565743128459,6
CSCO,2025-10-30,0.0,0.0,3
CSCO,2025-10-31,0.09866666666666667,0.5543664495150248,3
CSCO,2025-11-02,0.5719,0.0,1
CSCO,2025-11-03,0.4083916666666667,0.3003540337085724,12
CSCO,2025-11-04,0.34559999999999996,0.258204718430837,3
CSCO,2025-11-05,0.16945,0.23581260442733765,4
CSCO,2025-11-06,0.3818,0.0,1
CSCO,2025-11-07,0.07655,0.4715668857097626,2
CSCO,2025-11-09,-0.009800000000000003,0.0,2
CSGP,2025-10-13,0.0,0.0,1
CSGP,2025-10-14,0.12040000000000001,0.31082884470621747,3
CSGP,2025-10-15,0.0,0.8790934979915619,2
CSGP,2025-10-17,0.0,0.0,1
CSGP,2025-10-20,0.0,0.0,1
CSGP,2025-10-21,0.0,0.0,1
CSGP,2025-10-22,0.0,-0.9691143035888672,1
CSGP,2025-10-23,0.05135,0.404208779335022,2
CSGP,2025-10-24,0.2732,0.9584313631057739,1
CSGP,2025-10-27,0.4939,-0.6818076968193054,1
CSGP,2025-10-28,0.20095,0.22511360049247742,4
CSGP,2025-10-29,-0.5106,-0.9357295632362366,1
CSGP,2025-10-30,0.06743333333333333,0.3134353955586751,3
CSGP,2025-11-03,0.28595,0.4595927298069,2
CSGP,2025-11-09,0.296,0.0,1
CSX,2025-10-13,0.0,-0.09607924818992615,5
CSX,2025-10-14,0.23020000000000002,-0.22370299696922302,4
CSX,2025-10-15,0.26704285714285714,0.5851722615105766,7
CSX,2025-10-16,0.21919999999999998,-0.12801456451416016,18
CSX,2025-10-17,-0.01825,-0.2284788837035497,12
CSX,2025-10-20,-0.1468,0.0810849666595459,3
CSX,2025-10-21,-0.2672333333333333,-0.10138400395711263,3
CSX,2025-10-22,0.33873333333333333,0.0,3
CSX,2025-10-23,0.0,-0.9719908833503723,1
CSX,2025-10-24,0.11315,-0.35601532459259033,2
CSX,2025-10-25,0.296,0.0,1
CSX,2025-10-26,-0.1403,-0.6117156147956848,3
CSX,2025-10-27,0.34255,0.0,2
CSX,2025-10-29,0.0,0.0,4
CSX,2025-10-30,0.0748,0.11218944787979127,5
CSX,2025-10-31,0.3613,0.21079711119333902,3
CSX,2025-11-03,0.0,0.0,2
CSX,2025-11-06,0.0,0.0,1
CSX,2025-11-07,0.1909,0.0,2
CTAS,2025-10-13,0.2556,0.1087513267993927,6
CTAS,2025-10-14,0.2294,0.46190744638442993,2
CTAS,2025-10-15,0.22516666666666665,0.0,3
CTAS,2025-10-16,0.100475,0.0,4
CTAS,2025-10-17,0.17020000000000002,0.0,3
CTAS,2025-10-18,0.0,0.0,1
CTAS,2025-10-20,0.064,0.0,2
CTAS,2025-10-21,-0.0129,0.0,2
CTAS,2025-10-22,0.02692,0.0,10
CTAS,2025-10-23,0.3511,0.19911587735017142,6
CTAS,2025-10-24,0.31845,0.0,4
CTAS,2025-10-27,-0.19063333333333332,0.0,3
CTAS,2025-10-28,0.15272,-0.38749239444732664,5
CTAS,2025-10-29,0.26932500000000004,0.21782834827899933,4
CTAS,2025-10-30,0.12040000000000001,0.0,3
CTAS,2025-10-31,0.2294,0.0,2
CTAS,2025-11-01,0.0,0.0,1
CTAS,2025-11-03,0.1909,0.0,2
CTAS,2025-11-04,0.20764,0.0,5
CTAS,2025-11-05,0.210075,0.0,4
CTAS,2025-11-06,0.0,0.0,1
CTAS,2025-11-07,0.41016666666666673,0.27266480525334674,3
CTAS,2025-11-08,0.6369,0.0,1
CTSH,2025-10-13,0.1779,0.0,1
CTSH,2025-10-19,0.0,0.0,1
CTSH,2025-10-22,0.08895,0.0,2
CTSH,2025-10-28,0.4019,0.8579259514808655,1
CTSH,2025-10-29,-0.01865,-0.06784889101982117,4
CTSH,2025-10-30,0.1591,0.4491267502307892,2
CTSH,2025-10-31,0.0,0.0,1
CTSH,2025-11-01,0.0,0.0,1
DASH,2025-11-08,0.06384358974358974,-0.03089268696613801,39
DASH,2025-11-09,0.02429130434782609,0.03754303118456965,46
DASH,2025-11-10,0.005099999999999998,0.13632512589295706,12
DDOG,2025-10-13,0.5106,0.8881677985191345,1
DDOG,2025-10-14,0.0,0.0,1
DDOG,2025-10-17,0.0,-0.5239459276199341,1
DDOG,2025-10-22,0.0,0.8466337323188782,1
DDOG,2025-10-24,0.0,0.0,2
DDOG,2025-10-28,0.6369,0.0,2
DDOG,2025-10-31,0.4767,0.8840143084526062,1
DDOG,2025-11-02,-0.09104999999999999,-0.41846081614494324,2
DDOG,2025-11-03,0.0,0.0,1
DDOG,2025-11-05,0.3126,0.4330103397369385,2
DDOG,2025-11-06,-0.035808333333333324,-0.5262195269266764,12
DDOG,2025-11-07,0.1270166666666667,-0.31837282578150433,6
DDOG,2025-11-08,0.0,0.8683735132217407,1
DDOG,2025-11-09,0.0,0.9311754703521729,1
DXCM,2025-10-13,0.0,0.0,1
DXCM,2025-10-16,0.0,0.0,2
DXCM,2025-10-23,0.0,0.0,1
DXCM,2025-10-28,0.059625,-0.8524653017520905,4
DXCM,2025-10-29,0.0635,-0.2049805372953415,2
DXCM,2025-10-30,0.025980000000000003,-0.5671862840652466,5
DXCM,2025-10-31,0.34498333333333336,0.46965356171131134,6
DXCM,2025-11-01,0.0772,-0.6690347790718079,1
DXCM,2025-11-03,-0.39325,-0.4470325708389282,2
DXCM,2025-11-04,0.13435,-0.30962449312210083,2
DXCM,2025-11-05,-0.3683,0.0,3
DXCM,2025-11-06,0.0386,-0.7061990201473236,2
DXCM,2025-11-07,-0.24249999999999997,0.22916571299235025,3
DXCM,2025-11-09,-0.765,0.0,1
EA,2025-11-07,0.07648305084745763,-0.07295247306257992,59
EA,2025-11-08,0.14396521739130436,-0.030555005954659504,23
EA,2025-11-09,0.21865,-0.013278390680040632,14
EA,2025-11-10,0.0,-0.5199102759361267,2
EXC,2025-10-13,0.0,0.0,1
EXC,2025-10-14,0.0,0.0,2
EXC,2025-10-15,-0.07543333333333334,0.1908094882965088,3
EXC,2025-10-16,0.0386,0.0,2
EXC,2025-10-17,0.15343333333333334,0.0,3
EXC,2025-10-18,0.0,0.0,2
EXC,2025-10-19,0.0,0.0,1
EXC,2025-10-22,0.4767,0.0,1
EXC,2025-10-23,0.13396666666666665,0.0,3
EXC,2025-10-25,0.0,0.45142242312431335,2
EXC,2025-10-26,0.4665,0.0,2
EXC,2025-10-27,0.08236666666666669,0.08919368187586467,3
EXC,2025-10-28,-0.05135,0.0,2
EXC,2025-10-29,0.4404,0.0,1
EXC,2025-10-30,-0.2732,-0.7763916850090027,1
EXC,2025-10-31,0.4775666666666667,0.0,3
EXC,2025-11-02,-0.296,-0.8369216322898865,1
EXC,2025-11-03,-0.0601,-0.021320506930351257,4
EXC,2025-11-04,-0.111375,-0.9431014806032181,4
EXC,2025-11-05,0.0,-0.6136597394943237,1
EXC,2025-11-06,0.253025,-0.05114954710006714,4
EXC,2025-11-07,0.0,0.0,1
FANG,2025-11-03,0.1486823529411765,0.1751948332085329,17
FANG,2025-11-04,0.1577764705882353,0.08541396084953756,17
FANG,2025-11-05,0.08251428571428572,0.17293708665030344,14
FANG,2025-11-06,0.12842307692307692,0.10114873372591458,13
FANG,2025-11-07,0.1353962962962963,-0.017801141297375714,27
FANG,2025-11-08,0.23845,0.3573073744773865,2
FANG,2025-11-09,0.08,-0.21942375103632608,3
FANG,2025-11-10,-0.03875,0.0,6
FAST,2025-11-10,-0.0012289999999999996,-0.0767748412489891,100
FTNT,2025-10-14,0.21383333333333335,-0.08924891551335652,3
FTNT,2025-10-15,0.4466,0.0,1
FTNT,2025-10-16,0.26333333333333336,-0.4052721858024597,3
FTNT,2025-10-17,-0.296,0.0,1
FTNT,2025-10-18,-0.09509999999999999,0.007657378911972046,2
FTNT,2025-10-20,0.007900000000000018,-0.29250776767730713,3
FTNT,2025-10-21,0.2412,0.0,2
FTNT,2025-10-22,-0.33163333333333334,-0.278834601243337,3
FTNT,2025-10-23,0.26794,0.03580090999603271,5
FTNT,2025-10-25,0.4466,0.0,1
FTNT,2025-10-27,0.6449,0.37561848759651184,2
FTNT,2025-10-28,-0.2679,-0.5476638078689575,3
FTNT,2025-10-29,-0.1909,-0.301066130399704,2
FTNT,2025-10-30,0.19387500000000002,0.025664448738098145,4
FTNT,2025-10-31,0.0,0.3007444441318512,2
FTNT,2025-11-02,0.2993,-0.029076412320137024,4
FTNT,2025-11-03,0.0,0.0,2
FTNT,2025-11-04,-0.10515,-0.48488280177116394,2
FTNT,2025-11-05,0.050879999999999995,-0.26180007457733157,10
FTNT,2025-11-06,0.021883333333333328,-0.711739848057429,6
GEHC,2025-10-13,0.2023,0.0,1
GEHC,2025-10-21,0.0,0.0,1
GEHC,2025-10-28,0.4019,0.8579259514808655,1
GEHC,2025-10-29,0.038533333333333336,-0.3281068603197734,3
GEHC,2025-10-30,0.5423,0.8522415161132812,2
GEHC,2025-10-31,0.0,0.8836875557899475,1
GEHC,2025-11-07,0.0,0.0,1
GFS,2025-10-13,0.57245,0.36907342076301575,2
GFS,2025-10-14,-0.244475,-0.47780558466911316,4
GFS,2025-10-15,0.0,0.0,3
GFS,2025-10-16,0.1858,0.0,3
GFS,2025-10-17,-0.168675,-0.46095114946365356,4
GFS,2025-10-18,0.2288,0.0,2
GFS,2025-10-19,-0.41169999999999995,-0.39058125019073486,2
GFS,2025-10-20,-0.0129,0.3801743984222412,2
GFS,2025-10-21,0.1527,0.0,2
GFS,2025-10-22,-0.3859333333333333,-0.629065215587616,3
GFS,2025-10-23,-0.07386666666666666,-0.3163202404975891,3
GFS,2025-10-24,0.2288,0.0,2
GFS,2025-10-25,-0.2202,0.0,2
GFS,2025-10-26,-0.3753666666666667,-0.3042107820510864,3
GFS,2025-10-27,-0.26335,0.0,2
GFS,2025-10-28,-0.0172,0.0,3
GFS,2025-10-29,-0.22879999999999998,-0.24141854047775269,5
GFS,2025-10-30,-0.0172,0.0,3
GFS,2025-10-31,0.0,0.0,1
GFS,2025-11-01,0.0,0.0,1
GFS,2025-11-02,0.2202,0.0,2
GFS,2025-11-03,0.21075,0.0,2
GFS,2025-11-04,0.029220000000000003,-0.20950406789779663,5
GFS,2025-11-05,0.2765166666666667,0.43734198808670044,6
GFS,2025-11-06,-0.023739999999999983,-0.1907580852508545,5
GFS,2025-11-07,0.21075,0.0,2
GFS,2025-11-08,0.0,0.0,2
GFS,2025-11-09,-0.14049999999999999,0.0,3
GILD,2025-10-13,0.0,0.0,1
GILD,2025-10-14,0.21075,0.0,2
GILD,2025-10-15,-0.003925000000000012,0.0,4
GILD,2025-10-16,0.05896666666666669,0.0,3
GILD,2025-10-17,-0.0772,-0.8133144378662109,1
GILD,2025-10-22,0.0,0.0,1
GILD,2025-10-23,0.6476,0.0,1
GILD,2025-10-25,0.0,0.0,1
GILD,2025-10-26,0.08895,0.0,2
GILD,2025-10-27,0.0,0.0,2
GILD,2025-10-29,-0.39744999999999997,-0.8938735723495483,2
GILD,2025-10-30,-0.14049999999999999,-0.9503148396809896,3
GILD,2025-10-31,0.006199999999999997,0.4423851817846298,4
GILD,2025-11-02,0.5994,0.8547576665878296,1
GILD,2025-11-03,0.0,0.0,1
GOOG,2025-10-29,0.18234375,0.310144629329443,16
GOOG,2025-10-30,0.12502222222222223,-0.018351627720726862,18
GOOG,2025-10-31,0.19027777777777777,0.29384486542807686,9
GOOG,2025-11-01,0.7845,0.9528096914291382,1
GOOG,2025-11-02,-0.09106666666666667,0.0,3
GOOG,2025-11-03,0.26929166666666665,0.3433649291594823,12
GOOG,2025-11-04,-0.04303333333333333,-0.5143380297554864,9
GOOG,2025-11-05,0.1419923076923077,0.05943838908122136,13
GOOG,2025-11-06,0.13748,-0.09337859153747559,10
GOOG,2025-11-07,-0.13405714285714287,-0.14776591317994253,7
GOOG,2025-11-08,0.0772,0.0,1
GOOG,2025-11-09,0.0,-0.9623302817344666,1
GOOGL,2025-10-29,0.0,0.5006757974624634,4
GOOGL,2025-10-30,0.054180000000000006,-0.08088841140270234,20
GOOGL,2025-10-31,0.11024615384615383,0.20086385195071882,13
GOOGL,2025-11-01,0.2615,0.3176032304763794,3
GOOGL,2025-11-02,0.23287142857142856,0.12135276624134608,7
GOOGL,2025-11-03,-0.014753333333333334,0.025713837146759032,15
GOOGL,2025-11-04,-0.029981818181818186,-0.1620170690796592,11
GOOGL,2025-11-05,0.09744166666666666,0.1968876818815867,12
GOOGL,2025-11-06,0.16740000000000002,0.0007926225662231445,9
GOOGL,2025-11-07,-0.02085999999999999,0.13279435634613038,5
GOOGL,2025-11-09,0.7269,0.774928867816925,1
HON,2025-10-30,0.523175,0.4672444611787796,4
HON,2025-10-31,-0.008214285714285714,0.0,7
HON,2025-11-01,0.13396666666666665,0.002840399742126465,3
HON,2025-11-02,0.4588,0.0,1
HON,2025-11-03,0.007716666666666665,0.14872848325305515,18
HON,2025-11-04,0.01703636363636363,-0.09573219039223411,11
HON,2025-11-05,0.007700000000000002,0.14959895610809326,13
HON,2025-11-06,0.03515555555555554,0.04636289013756646,9
HON,2025-11-07,0.20515999999999995,0.06582314670085906,10
HON,2025-11-08,0.20758333333333334,0.08251033226648967,6
HON,2025-11-09,0.06647999999999998,0.13208554983139037,5
HON,2025-11-10,0.296,0.0,1
IDXX,2025-10-15,0.0,0.0,1
IDXX,2025-10-16,0.0,0.0,1
IDXX,2025-10-22,0.5106,0.950066328048706,1
IDXX,2025-10-31,0.2482,0.2708396911621094,3
IDXX,2025-11-02,-0.296,-0.8369216322898865,1
IDXX,2025-11-03,0.28896666666666665,0.4717772636148665,9
IDXX,2025-11-04,0.3612,0.0,1
IDXX,2025-11-05,0.0,-0.9736879467964172,1
IDXX,2025-11-06,0.5651,0.0,3
INTC,2025-10-23,0.1698375,0.3398664817214012,16
INTC,2025-10-24,0.20757391304347828,0.41833140279935754,23
INTC,2025-10-25,-0.15272,-0.6797504663467407,5
INTC,2025-10-26,0.21075,0.3444644808769226,2
INTC,2025-10-27,0.208375,0.05489625781774521,8
INTC,2025-10-28,0.18223076923076922,0.29117907469089216,13
INTC,2025-10-29,0.16945,0.21732114255428314,4
INTC,2025-10-31,0.074,0.4157748371362686,4
INTC,2025-11-02,0.0,0.0,1
INTC,2025-11-03,0.148,0.0,2
INTC,2025-11-04,0.12906,-0.3825852632522583,5
INTC,2025-11-05,0.4051,0.10296968051365443,7
INTC,2025-11-06,-0.20584999999999998,-0.47389528155326843,4
INTC,2025-11-07,-0.2730166666666667,-0.4586227983236313,6
INTU,2025-10-13,0.0,0.0,1
INTU,2025-10-14,0.743,0.0,1
INTU,2025-10-15,0.0,-0.9561769366264343,1
INTU,2025-10-18,0.128,0.8684715032577515,1
INTU,2025-10-21,0.19063333333333332,0.5203575293223063,3
INTU,2025-10-22,0.0,0.0,1
INTU,2025-10-27,0.3753,0.31044331192970276,2
INTU,2025-10-28,0.0,0.0,1
INTU,2025-10-31,0.4404,0.6334789395332336,1
ISRG,2025-10-13,0.0,0.0,2
ISRG,2025-10-14,0.0,0.0,1
ISRG,2025-10-16,0.0,0.5254862308502197,1
ISRG,2025-10-19,-0.1909,0.0,2
ISRG,2025-10-20,-0.057025,0.1705910563468933,4
ISRG,2025-10-21,-0.030333333333333327,0.27757343153158825,12
ISRG,2025-10-22,-0.20037222222222223,-0.4838450617260403,18
ISRG,2025-10-23,-0.07655,-0.0727682113647461,2
ISRG,2025-10-24,0.2906,0.20133735736211142,3
ISRG,2025-10-25,0.3818,-0.4712565541267395,1
ISRG,2025-10-31,0.4019,0.0,1
ISRG,2025-11-03,0.2263,0.0,1
ISRG,2025-11-04,0.0,-0.48680803179740906,2
KDP,2025-10-14,0.1909,0.0,2
KDP,2025-10-15,0.286875,0.4569728821516037,4
KDP,2025-10-16,0.4074,0.4514707922935486,2
KDP,2025-10-17,-0.2732,-0.8836690783500671,2
KDP,2025-10-18,0.34,0.0,2
KDP,2025-10-19,0.148,0.4434417486190796,2
KDP,2025-10-20,0.244725,0.36086495220661163,4
KDP,2025-10-24,0.032400000000000005,0.19417919715245566,3
KDP,2025-10-26,0.28099999999999997,0.4899948239326477,3
KDP,2025-10-27,0.30999444444444446,0.16853263311915928,18
KDP,2025-10-28,0.21737499999999998,0.18494217097759247,8
KDP,2025-10-29,0.4404,0.0,1
KDP,2025-10-31,0.1468,0.0,3
KDP,2025-11-01,-0.6249,0.0,1
KDP,2025-11-02,0.0258,0.5516342520713806,1
KDP,2025-11-05,0.6369,0.0,1
KDP,2025-11-06,0.10674000000000002,0.0,5
KDP,2025-11-07,0.1779,0.0,1
KDP,2025-11-09,0.0,0.0,1
KHC,2025-10-15,-0.02345,-0.44279393553733826,2
KHC,2025-10-18,0.07655,0.3115079700946808,2
KHC,2025-10-21,-0.148,0.0,4
KHC,2025-10-22,0.0,0.0,1
KHC,2025-10-26,0.21075,0.3444644808769226,2
KHC,2025-10-28,0.41169999999999995,0.8122107982635498,2
KHC,2025-10-29,-0.031149999999999983,-0.09888194501399994,4
KHC,2025-10-30,-0.4767,-0.48860374093055725,1
KHC,2025-10-31,0.0,-0.7826820015907288,1
KHC,2025-11-02,0.0,0.0,1
KHC,2025-11-04,0.0,0.0,1
KHC,2025-11-06,-0.10115,0.0,2
KLAC,2025-10-13,0.34197500000000003,0.26782067120075226,4
KLAC,2025-10-14,-0.3182,-0.9534072279930115,1
KLAC,2025-10-15,0.39452499999999996,0.45097899436950684,4
KLAC,2025-10-16,0.18076666666666666,-0.16996494928995767,3
KLAC,2025-10-20,-0.034333333333333334,0.5623882412910461,3
KLAC,2025-10-21,0.0,-0.7444882988929749,1
KLAC,2025-10-22,-0.24835,-0.47596342861652374,4
KLAC,2025-10-26,0.0,0.0,1
KLAC,2025-10-27,0.0,-0.3725811243057251,2
KLAC,2025-10-28,0.4215,0.7664956450462341,1
KLAC,2025-10-29,-0.01865,-0.06784889101982117,4
KLAC,2025-10-31,0.296,-0.5560588836669922,1
KLAC,2025-11-04,0.0,0.0,1
KLAC,2025-11-05,0.7783,0.866020679473877,1
KLAC,2025-11-06,0.0,0.003728151321411133,2
LIN,2025-11-06,0.13389411764705883,-0.0533982515335083,17
LIN,2025-11-07,0.10938378378378379,-0.015417585501799712,37
LIN,2025-11-08,0.09344,0.024477307001749674,15
LIN,2025-11-09,0.1510111111111111,0.0,9
LIN,2025-11-10,0.09923636363636362,0.09765965559265831,22
LRCX,2025-10-13,0.46495,0.3185415367285411,6
LRCX,2025-10-14,-0.3182,-0.9534072279930115,1
LRCX,2025-10-15,0.20715714285714285,0.25770228249686106,7
LRCX,2025-10-17,0.0,0.0,1
LRCX,2025-10-19,-0.1909,0.0,2
LRCX,2025-10-20,-0.025750000000000002,0.4217911809682846,4
LRCX,2025-10-21,0.38915,-0.3994210362434387,2
LRCX,2025-10-22,-0.1847181818181818,-0.35943199829621747,11
LRCX,2025-10-23,0.0,-0.32159016529719037,3
LRCX,2025-10-24,0.008950000000000014,0.7099389433860779,2
LRCX,2025-10-27,0.4171500000000001,-0.02362687389055888,6
LRCX,2025-10-29,-0.26716666666666666,-0.29288631677627563,3
LRCX,2025-10-31,0.25943333333333335,0.0,3
LRCX,2025-11-03,0.2023,0.0,1
LRCX,2025-11-04,-0.296,-0.9697656035423279,1
LRCX,2025-11-05,0.4402,0.38798195123672485,3
LRCX,2025-11-06,0.02970000000000002,-0.40275563796361286,3
LRCX,2025-11-07,0.29375,0.0,2
LULU,2025-10-27,0.24695,-0.5687007904052734,4
LULU,2025-10-28,0.2553875,-0.17253590375185013,8
LULU,2025-10-29,-0.11988000000000001,-0.1297650933265686,5
LULU,2025-10-30,-0.06421428571428571,-0.23732959372656687,7
LULU,2025-10-31,-0.3179666666666667,-0.4851277321577072,12
LULU,2025-11-01,-0.14705000000000001,-0.10028547048568726,6
LULU,2025-11-02,-0.4101,-0.34602677822113037,4
LULU,2025-11-03,-0.23672857142857143,0.0,7
LULU,2025-11-04,0.06542222222222221,0.016235457526312932,9
LULU,2025-11-05,-0.1594642857142857,-0.14130795001983643,14
LULU,2025-11-06,0.09613333333333333,-0.24199836783938938,9
LULU,2025-11-07,-0.28636666666666666,0.0,3
LULU,2025-11-08,0.0,0.0,1
LULU,2025-11-09,0.4153,0.0,2
LULU,2025-11-10,-0.6597,-0.8695624470710754,1
MAR,2025-11-08,0.003824242424242422,-0.13300835544412787,33
MAR,2025-11-09,0.02733243243243243,-0.04423020498172657,37
MAR,2025-11-10,0.16083333333333333,0.0035551024807824027,18
MCHP,2025-10-13,0.27358000000000005,0.21425653696060182,5
MCHP,2025-10-14,-0.3182,-0.9534072279930115,1
MCHP,2025-10-17,0.0,0.0,1
MCHP,2025-10-20,-0.0258,0.7603487968444824,1
MCHP,2025-10-21,0.25,0.0,1
MCHP,2025-10-22,-0.5264333333333333,-0.9477523565292358,3
MCHP,2025-10-30,0.2553,0.47489872574806213,2
MCHP,2025-10-31,0.3612,0.0,1
MCHP,2025-11-04,-0.26115,-0.9564631581306458,2
MCHP,2025-11-05,0.38915,0.8936207890510559,2
MCHP,2025-11-06,-0.10678333333333333,-0.4683499832948049,6
MCHP,2025-11-07,-0.016100000000000003,-0.9195578396320343,4
MCHP,2025-11-08,0.0,0.0,1
MCHP,2025-11-09,0.25,0.0,1
MDLZ,2025-10-16,0.6597,0.0,1
MDLZ,2025-10-17,0.0,0.0,1
MDLZ,2025-10-22,0.0,0.0,1
MDLZ,2025-10-26,0.1909,0.0,2
MDLZ,2025-10-27,0.4939,-0.6818076968193054,1
MDLZ,2025-10-28,0.28803999999999996,0.38007254600524903,5
MDLZ,2025-10-29,0.05781666666666666,-0.20622446139653525,6
MDLZ,2025-10-31,0.0386,0.0,2
MDLZ,2025-11-01,0.0,0.0,1
MELI,2025-10-13,-0.4019,-0.802961528301239,2
MELI,2025-10-14,-0.4019,0.0,1
MELI,2025-10-15,0.0,0.0,1
MELI,2025-10-19,0.0,0.0,1
MELI,2025-10-21,0.0,-0.2603544592857361,2
MELI,2025-10-22,0.09866666666666667,0.0,3
MELI,2025-10-23,-0.2732,-0.9489607214927673,1
MELI,2025-10-27,0.0,0.0,1
MELI,2025-10-28,0.3141,0.42896297574043274,2
MELI,2025-10-29,0.10106,0.11325916051864623,5
MELI,2025-10-31,0.0,0.9413827657699585,2
MELI,2025-11-03,-0.4215,0.0,1
MELI,2025-11-05,-0.05103333333333334,-0.1719109614690145,3
MELI,2025-11-06,0.2023,0.0,1
MELI,2025-11-10,0.6369,0.0,1
META,2025-11-09,0.005870454545454543,-0.08989944579926404,44
META,2025-11-10,0.02891090909090909,-0.011332046443765814,55
MNST,2025-10-13,0.4559666666666667,0.3570942282676697,3
MNST,2025-10-15,0.0,0.0,3
MNST,2025-10-20,0.0,0.0,1
MNST,2025-10-21,0.0,0.0,1
MNST,2025-10-23,0.0,0.0,2
MNST,2025-10-28,0.0,0.0,2
MNST,2025-10-29,0.0,0.0,1
MNST,2025-10-30,0.0,0.0,1
MNST,2025-11-02,-0.1351,-0.8949840366840363,2
MNST,2025-11-05,0.38915,0.4330103397369385,2
MNST,2025-11-06,-0.1845857142857143,-0.8087926251547677,7
MNST,2025-11-07,0.015333333333333329,-0.2805093725522359,3
MNST,2025-11-08,0.0191,0.0,2
MRVL,2025-10-13,0.04421428571428571,0.4928801826068333,7
MRVL,2025-10-14,-0.23265000000000002,-0.9111302644014359,4
MRVL,2025-10-15,0.30578,0.8645859241485596,5
MRVL,2025-10-16,0.567,-0.2447887808084488,2
MRVL,2025-10-17,0.0,0.0,1
MRVL,2025-10-19,-0.4019,0.5125432014465332,1
MRVL,2025-10-20,-0.051500000000000004,0.8435823619365692,2
MRVL,2025-10-22,-0.304525,-0.7108142673969269,4
MRVL,2025-10-23,0.0,-0.2378515601158142,4
MRVL,2025-10-24,0.2263,0.0,1
MRVL,2025-10-27,0.5181,0.09997908771038055,4
MRVL,2025-10-28,0.4019,0.8579259514808655,1
MRVL,2025-10-29,-0.1438,-0.21966473758220673,4
MRVL,2025-11-03,0.7964,0.0,2
MRVL,2025-11-04,-0.296,-0.9697656035423279,1
MRVL,2025-11-05,0.03925000000000001,0.3717959225177765,4
MRVL,2025-11-06,-0.17412,-0.8477304518222809,5
MRVL,2025-11-07,0.07107500000000001,-0.458981528878212,4
MSFT,2025-11-02,0.2463666666666667,-0.03276292483011881,3
MSFT,2025-11-03,0.09183939393939394,0.283551629745599,33
MSFT,2025-11-04,0.048620833333333335,-0.13038813322782516,24
MSFT,2025-11-05,0.03381,-0.06068593859672546,10
MSFT,2025-11-06,0.13084545454545454,-0.08585322445089166,11
MSFT,2025-11-07,-0.1663818181818182,-0.3416818624193018,11
MSFT,2025-11-08,0.008033333333333328,0.1576429009437561,6
MSFT,2025-11-09,0.24425000000000002,0.0,2
MSTR,2025-10-30,0.14226153846153847,-0.08129149675369263,13
MSTR,2025-10-31,0.2637,0.21568779860224044,14
MSTR,2025-11-01,0.435,0.4504956404368083,3
MSTR,2025-11-02,0.0258,0.0,1
MSTR,2025-11-03,0.1436421052631579,0.12182802589316118,19
MSTR,2025-11-04,0.1321357142857143,-0.2714152250971113,14
MSTR,2025-11-05,0.12737500000000002,-0.030357882380485535,8
MSTR,2025-11-06,0.047633333333333326,-0.47391531864802044,3
MSTR,2025-11-07,-0.07248888888888888,-0.22114376227060953,18
MSTR,2025-11-08,0.12605,-0.9370160698890686,2
MSTR,2025-11-09,-0.11505000000000001,-0.22934451699256897,4
MSTR,2025-11-10,0.1531,-0.9272751808166504,1
MU,2025-11-04,0.008505882352941177,-0.22466832749983845,17
MU,2025-11-05,0.15085882352941177,0.16405301584916956,17
MU,2025-11-06,0.0157741935483871,-0.0022154277370822046,31
MU,2025-11-07,0.10414705882352941,0.0,17
MU,2025-11-08,-0.04683333333333333,-0.11905878782272339,9
MU,2025-11-09,0.25998,-0.3053293347358704,5
MU,2025-11-10,0.0,0.0,4
NFLX,2025-10-22,-0.1410846153846154,-0.7250208258628845,13
NFLX,2025-10-23,0.11945714285714286,-0.06478690249579293,14
NFLX,2025-10-24,0.29383750000000003,0.32637643069028854,8
NFLX,2025-10-25,0.0,-0.4539203643798828,2
NFLX,2025-10-26,0.0,-0.778508186340332,1
NFLX,2025-10-27,0.21196,0.017791879177093507,5
NFLX,2025-10-28,0.00828,0.046220386028289796,5
NFLX,2025-10-29,0.074,0.21732114255428314,4
NFLX,2025-10-30,0.2229875,0.21094437688589096,8
NFLX,2025-10-31,0.13644761904761907,0.3233699259303865,21
NFLX,2025-11-01,0.0593,-0.2769170602162679,3
NFLX,2025-11-02,0.27985,0.34213554859161377,2
NFLX,2025-11-03,0.20484999999999998,-0.2611134722828865,4
NFLX,2025-11-04,0.6249,0.0,2
NFLX,2025-11-05,0.06846666666666666,0.46981173753738403,3
NFLX,2025-11-06,0.128,0.0,1
NFLX,2025-11-07,0.05717499999999999,-0.23804190754890442,4
NVDA,2025-11-05,-0.029299999999999993,-0.036860980093479156,8
NVDA,2025-11-06,0.06241951219512196,-0.1944847426763395,41
NVDA,2025-11-07,-0.06332121212121211,-0.46099875551281555,33
NVDA,2025-11-08,-0.04907500000000001,0.3387649208307266,8
NVDA,2025-11-09,-0.0581875,-0.696110874414444,8
NVDA,2025-11-10,0.4215,0.9056522250175476,1
NXPI,2025-10-13,0.4559666666666667,0.3570942282676697,3
NXPI,2025-10-14,-0.3182,-0.9534072279930115,1
NXPI,2025-10-17,-0.6705,0.48257267475128174,1
NXPI,2025-10-20,0.0257,0.3801743984222412,2
NXPI,2025-10-22,-0.5789,-0.943597823381424,2
NXPI,2025-10-23,-0.0644,-0.6138434410095215,1
NXPI,2025-10-24,0.4767,0.5825375914573669,1
NXPI,2025-10-26,0.0,0.0,1
NXPI,2025-10-27,0.39778,0.1013720154762268,5
NXPI,2025-10-28,0.1147,-0.23637671768665314,4
NXPI,2025-10-29,0.6597,0.8710402250289917,1
NXPI,2025-11-04,-0.26115,-0.9564631581306458,2
NXPI,2025-11-05,0.7783,0.866020679473877,1
NXPI,2025-11-06,-0.21075,-0.9477905631065369,2
ODFL,2025-10-14,0.0,0.9436730742454529,1
ODFL,2025-10-16,0.4692,0.8745623826980591,1
ODFL,2025-10-20,0.0,0.9225257635116577,1
ODFL,2025-10-21,0.0,-0.8546813726425171,2
ODFL,2025-10-23,0.8519,0.5966785550117493,1
ODFL,2025-10-26,-0.1513,0.0,1
ODFL,2025-10-28,0.4019,0.8579259514808655,1
ODFL,2025-10-29,0.17218,0.29346749782562254,5
ODFL,2025-11-01,0.0,0.0,1
ODFL,2025-11-04,0.0,0.0,2
ODFL,2025-11-07,0.0,0.0,2
ON,2025-11-10,0.057981720430107526,-0.04486031013150369,93
ORLY,2025-10-13,-0.0086,0.0,3
ORLY,2025-10-15,0.16463333333333333,0.0,3
ORLY,2025-10-16,0.2263,0.0,1
ORLY,2025-10-17,-0.0258,-0.41977208852767944,2
ORLY,2025-10-19,-0.3818,0.0,1
ORLY,2025-10-20,0.0,0.21870435774326324,4
ORLY,2025-10-21,-0.050575,-0.27212654054164886,4
ORLY,2025-10-22,-0.31031666666666663,-0.7788817683855692,6
ORLY,2025-10-24,0.3612,0.0,1
ORLY,2025-10-28,-0.5719,-0.8612427711486816,1
ORLY,2025-10-29,0.0,0.0,2
ORLY,2025-11-04,0.0,0.0,1
ORLY,2025-11-05,-0.288,-0.273062139749527,2
ORLY,2025-11-06,0.0,0.0,1
ORLY,2025-11-08,0.0,0.0,1
PANW,2025-10-13,-0.31845,0.40611204504966736,2
PANW,2025-10-14,0.2023,0.0,1
PANW,2025-10-15,0.34040000000000004,0.6326706806818644,3
PANW,2025-10-16,0.0,0.0,1
PANW,2025-10-19,0.807,0.8818908929824829,1
PANW,2025-10-21,0.0,0.0,1
PANW,2025-10-23,0.0,0.93919837474823,1
PANW,2025-10-26,0.4939,0.0,1
PANW,2025-10-27,0.296,0.0,1
PANW,2025-10-28,0.17125,0.4699243903160095,2
PANW,2025-10-30,0.07543333333333334,0.28968238830566406,3
PANW,2025-11-02,0.5719,0.0,1
PANW,2025-11-03,0.6369,0.0,1
PANW,2025-11-04,0.2023,0.0,1
PANW,2025-11-05,0.15086666666666668,0.3175165255864461,3
PANW,2025-11-06,0.0,0.0,3
PANW,2025-11-09,0.6369,0.651047945022583,1
PAYX,2025-10-18,-0.2732,0.9418226480484009,1
PAYX,2025-10-22,0.0,0.0,1
PCAR,2025-10-13,0.0,0.0,1
PCAR,2025-10-19,-0.3818,0.0,1
PCAR,2025-10-20,-0.11405,-0.09622660279273987,2
PCAR,2025-10-21,0.01377500000000001,0.4099328815937042,4
PCAR,2025-10-22,0.0,-0.9533998966217041,2
PCAR,2025-10-24,0.5423,0.0,1
PCAR,2025-11-04,-0.4588,0.0,1
PCAR,2025-11-05,0.0,0.0,2
PDD,2025-10-13,-0.021740000000000016,-0.15669602155685425,5
PDD,2025-10-14,0.07519999999999999,-0.024763941764831543,2
PDD,2025-10-15,0.11515,0.0,2
PDD,2025-10-16,0.20095,-0.020543694496154785,2
PDD,2025-10-17,0.06803333333333333,-0.14753500620524088,3
PDD,2025-10-18,0.0,0.0,1
PDD,2025-10-19,0.0,-0.8295755386352539,1
PDD,2025-10-21,-0.007249999999999979,-0.47155579924583435,2
PDD,2025-10-22,0.0,0.8363761901855469,1
PDD,2025-10-24,-0.06503333333333333,0.08029754956563313,3
PDD,2025-10-25,-0.0593,-0.3615150849024455,3
PDD,2025-10-26,0.4939,0.0,1
PDD,2025-10-27,0.15345,0.010601540406545004,6
PDD,2025-10-28,0.10320000000000001,-0.07918238639831543,2
PDD,2025-10-29,0.296,0.0,1
PDD,2025-10-30,-0.14055,-0.4820140302181244,2
PDD,2025-10-31,0.28602,-0.6110469579696656,5
PDD,2025-11-01,0.0,0.0,1
PDD,2025-11-03,0.4215,0.0,1
PDD,2025-11-04,0.0,0.0,1
PDD,2025-11-05,0.286225,0.1435924395918846,4
PDD,2025-11-06,0.04813333333333334,-0.005221347014109294,3
PDD,2025-11-07,-0.06090000000000001,0.1965865045785904,4
PDD,2025-11-08,0.08895,0.0,2
PDD,2025-11-09,0.06424999999999997,0.0,4
PEP,2025-11-09,0.021023170731707317,0.02979483655313166,82
PEP,2025-11-10,-0.057892307692307694,0.060500420056856595,13
PLTR,2025-11-04,0.022696296296296298,-0.42546914352311027,27
PLTR,2025-11-05,0.0035148148148148183,-0.15384815136591592,27
PLTR,2025-11-06,0.024199999999999996,0.05889062583446503,20
PLTR,2025-11-07,-0.04772666666666667,-0.18258084456125895,15
PLTR,2025-11-08,-0.074,-0.24159128963947296,4
PLTR,2025-11-09,-0.08380000000000001,0.184296116232872,4
PLTR,2025-11-10,0.2288,0.0,2
PYPL,2025-10-13,0.6839500000000001,0.8285936415195465,2
PYPL,2025-10-16,-0.1366,0.4734329581260681,2
PYPL,2025-10-17,-0.2194,-0.30822988351186115,3
PYPL,2025-10-22,0.0832,-0.2561204532782237,6
PYPL,2025-10-23,-0.4767,-0.8669266700744629,1
PYPL,2025-10-25,0.0,0.0,1
PYPL,2025-10-26,-0.0058,-0.12060173600912094,4
PYPL,2025-10-27,0.1261875,-0.08522596210241318,8
PYPL,2025-10-28,0.14588235294117646,0.25239528803264394,17
PYPL,2025-10-29,-0.03490000000000001,-0.6573388814926148,5
PYPL,2025-10-30,0.0,0.0,4
PYPL,2025-10-31,0.23835,0.4420071542263031,2
PYPL,2025-11-01,0.296,0.0,1
PYPL,2025-11-02,0.6369,0.0,1
PYPL,2025-11-03,0.20095,0.0,2
PYPL,2025-11-04,0.296,0.0,1
PYPL,2025-11-07,0.0,0.0,1
PYPL,2025-11-08,0.3182,0.0,1
QCOM,2025-10-27,0.14509,0.23001890182495116,20
QCOM,2025-10-28,0.088325,0.07555712573230267,16
QCOM,2025-10-29,0.20674,-0.12356060743331909,5
QCOM,2025-10-30,0.0,0.3822075128555298,3
QCOM,2025-10-31,0.2878,0.11232366732188634,7
QCOM,2025-11-02,0.10432500000000001,0.004459008574485779,4
QCOM,2025-11-03,0.24607142857142858,0.00882471033505031,7
QCOM,2025-11-04,-0.0810222222222222,-0.5277597837977939,9
QCOM,2025-11-05,0.005313333333333337,-0.16016087134679158,15
QCOM,2025-11-06,-0.16635833333333333,-0.7833542575438818,12
QCOM,2025-11-07,-0.015849999999999975,-0.9168460369110107,2
REGN,2025-10-13,0.0,0.5560529232025146,2
REGN,2025-10-14,0.0,0.0,1
REGN,2025-10-15,0.3182,0.6167712211608887,1
REGN,2025-10-17,0.4215,0.880164623260498,1
REGN,2025-10-20,0.2263,0.0,1
REGN,2025-10-24,0.0,0.0,2
REGN,2025-10-26,0.6486,0.7763420343399048,1
REGN,2025-10-27,0.41695000000000004,-0.3409038484096527,2
REGN,2025-10-28,0.24261666666666667,0.4350474278132121,6
REGN,2025-10-31,0.9081,0.9394376277923584,1
REGN,2025-11-03,0.0,0.0,1
REGN,2025-11-05,0.1779,0.891394317150116,1
REGN,2025-11-06,0.0,0.0,1
REGN,2025-11-07,-0.0258,0.9402797222137451,1
REGN,2025-11-08,0.3182,0.0,1
ROP,2025-10-13,0.0,0.0,1
ROP,2025-10-14,0.0,0.0,1
ROP,2025-10-15,0.22693333333333332,0.31318551301956177,3
ROP,2025-10-16,-0.159225,-0.1477496474981308,4
ROP,2025-10-17,0.2263,0.0,1
ROP,2025-10-19,-0.1909,-0.36388757824897766,2
ROP,2025-10-20,0.2997,0.2752685546875,2
ROP,2025-10-21,-0.5994,0.0,2
ROP,2025-10-22,-0.5719,-0.9477922916412354,1
ROP,2025-10-23,0.2876285714285714,0.4335611803191049,7
ROP,2025-10-27,0.5366,0.4461442728837331,3
ROP,2025-10-28,-0.31446666666666667,-0.40240152676900226,3
ROP,2025-10-29,-0.5106,-0.9551824331283569,1
ROP,2025-10-31,0.6369,0.0,1
ROP,2025-11-01,-0.5267,-0.5015630722045898,1
ROP,2025-11-04,-0.3818,0.0,1
ROP,2025-11-05,0.36985,0.12073618173599243,2
ROP,2025-11-06,0.0,0.34795325994491577,2
ROP,2025-11-07,-0.05103333333333334,-0.14627369244893393,3
ROP,2025-11-09,-0.2202,0.0,2
ROST,2025-10-15,0.0,0.0,1
ROST,2025-10-17,-0.1027,0.0,1
ROST,2025-10-19,-0.2732,0.0,1
ROST,2025-10-20,0.0,0.0,1
ROST,2025-10-23,0.0,0.0,1
ROST,2025-10-24,0.4215,0.0,1
ROST,2025-10-27,0.0,0.0,1
ROST,2025-10-28,0.3182,0.0,1
ROST,2025-10-29,-0.34,0.0,1
ROST,2025-11-05,0.3243,0.26619961857795715,2
ROST,2025-11-06,0.56645,0.0,2
ROST,2025-11-07,0.0,0.0,1
ROST,2025-11-08,0.0,-0.37555909156799316,2
SBUX,2025-10-14,0.12726666666666667,0.0,3
SBUX,2025-10-15,0.0,0.0,1
SBUX,2025-10-19,0.0,0.7881470918655396,1
SBUX,2025-10-20,0.0,0.0,1
SBUX,2025-10-21,0.0,0.10889768600463867,2
SBUX,2025-10-22,0.0,-0.3078555464744568,3
SBUX,2025-10-24,-0.4215,-0.8725695908069611,2
SBUX,2025-10-26,0.08895,0.0,2
SBUX,2025-10-27,0.24253333333333335,0.16718808809916177,3
SBUX,2025-10-28,-0.012433333333333333,-0.06705375512440999,3
SBUX,2025-10-29,0.24106363636363637,0.13444943319667468,11
SBUX,2025-10-30,0.010487499999999997,-0.1758565679192543,8
SBUX,2025-10-31,0.5445500000000001,0.8754638135433197,2
SBUX,2025-11-01,-0.34,0.0,1
SBUX,2025-11-02,0.10185,-0.476523220539093,2
SBUX,2025-11-03,0.008600000000000003,0.031040340662002563,8
SBUX,2025-11-04,-0.0893,0.10067317883173625,6
SBUX,2025-11-05,-0.128,-0.8963174223899841,1
SBUX,2025-11-06,0.0,0.0,1
SBUX,2025-11-07,-0.13695000000000002,-0.2340678572654724,4
SBUX,2025-11-08,0.06275,-0.9420103430747986,2
SBUX,2025-11-09,-0.4215,0.0,1
SHOP,2025-11-09,0.19795757575757578,-0.03614698666514772,33
SHOP,2025-11-10,0.12139375,-0.04602647479623556,64
SNPS,2025-10-21,0.13899999999999998,0.0,9
SNPS,2025-10-22,-0.023244444444444443,0.031093849076165095,9
SNPS,2025-10-23,0.15172,0.17652573585510253,5
SNPS,2025-10-24,0.0,0.1439134031534195,4
SNPS,2025-10-26,0.0,0.0,1
SNPS,2025-10-27,-0.240875,0.07659158110618591,8
SNPS,2025-10-28,0.1589,0.0,3
SNPS,2025-10-29,0.018099999999999995,0.0,6
SNPS,2025-10-30,0.23986666666666667,0.0,3
SNPS,2025-10-31,-0.29295,0.19675880670547485,2
SNPS,2025-11-03,0.006099999999999994,-0.22710004448890686,4
SNPS,2025-11-04,0.062027272727272716,-0.15322016044096512,11
SNPS,2025-11-05,0.005142857142857148,-0.26221708740506855,7
SNPS,2025-11-06,0.14886666666666665,-0.17019308937920463,9
SNPS,2025-11-07,0.06563,-0.27820595502853396,10
SNPS,2025-11-08,0.0,0.0,1
SNPS,2025-11-09,0.08956666666666664,0.25228313604990643,3
SNPS,2025-11-10,0.0,0.0,1
SOLS,2025-10-13,0.3176333333333334,0.8313823342323303,3
SOLS,2025-10-14,-0.043933333333333324,0.0,3
SOLS,2025-10-15,0.0,0.8427373766899109,1
SOLS,2025-10-16,0.0,0.0,1
SOLS,2025-10-18,-0.6597,-0.8847514390945435,1
SOLS,2025-10-19,0.128,0.6125108003616333,1
SOLS,2025-10-20,0.040825000000000014,-0.11631402373313904,4
SOLS,2025-10-21,0.27793999999999996,0.3654404044151306,5
SOLS,2025-10-22,0.140875,0.4327658712863922,4
SOLS,2025-10-23,0.1735,0.5968176325162252,3
SOLS,2025-10-24,-0.1779,0.789323091506958,1
SOLS,2025-10-25,0.012749999999999997,0.44037970900535583,2
SOLS,2025-10-27,-0.39495,0.0,2
SOLS,2025-10-28,0.0,0.0,2
SOLS,2025-10-29,0.17074285714285714,-0.08311787673405238,7
SOLS,2025-10-30,-0.011975,0.15929369628429413,4
SOLS,2025-10-31,0.25,0.9437658190727234,1
SOLS,2025-11-02,0.07967500000000001,0.551433689892292,4
SOLS,2025-11-03,0.0,-0.9457341730594635,2
SOLS,2025-11-04,-0.21196666666666666,-0.46922463178634644,3
SOLS,2025-11-05,0.25943333333333335,0.5785636504491171,3
SOLS,2025-11-06,-0.28099999999999997,-0.6304058233896891,3
SOLS,2025-11-08,0.21230000000000002,-0.2867506742477417,3
SOLS,2025-11-09,-0.296,0.0,1
SOLS,2025-11-10,0.2714,0.8681442737579346,1
TEAM,2025-11-10,0.03890106382978723,-0.06646170895150368,94
TMUS,2025-10-14,0.2023,0.0,1
TMUS,2025-10-16,0.10115,0.0,2
TMUS,2025-10-17,0.128,0.0,1
TMUS,2025-10-18,0.0,0.0,1
TMUS,2025-10-19,-0.1909,0.0,2
TMUS,2025-10-20,0.049185714285714284,0.05482440761157444,7
TMUS,2025-10-21,-0.06608,0.026810860633850096,5
TMUS,2025-10-22,-0.08878,-0.5139365077018738,5
TMUS,2025-10-23,0.16233076923076922,0.09087088933357826,13
TMUS,2025-10-24,-0.296,-0.9287058711051941,2
TMUS,2025-10-27,0.057675000000000004,0.12539106607437134,4
TMUS,2025-10-28,0.3906,0.0,3
TMUS,2025-10-29,0.13396666666666665,0.3687516252199809,3
TMUS,2025-10-31,0.4767,0.8840143084526062,1
TMUS,2025-11-01,0.6124,0.0,1
TMUS,2025-11-05,0.018299999999999997,-0.4636031687259674,4
TMUS,2025-11-06,-0.2263,-0.9088897705078125,1
TMUS,2025-11-07,0.9418,0.0,1
TRI,2025-11-06,0.001700000000000007,0.0,6
TRI,2025-11-07,-0.1494078947368421,-0.2459376313184437,38
TRI,2025-11-08,0.038369230769230774,0.014252094122079702,26
TRI,2025-11-09,0.08218125000000001,-0.058387789875268936,16
TRI,2025-11-10,0.22516999999999995,0.1611711084842682,10
TSLA,2025-11-03,-0.05435000000000001,-0.47619864344596863,4
TSLA,2025-11-04,-0.0658047619047619,-0.42988350845518564,21
TSLA,2025-11-05,-0.059207692307692295,-0.18385385549985445,13
TSLA,2025-11-06,0.04480909090909091,-0.18523700670762497,22
TSLA,2025-11-07,-0.05861666666666667,-0.29161791503429413,30
TSLA,2025-11-08,0.15055714285714286,0.1650055434022631,7
TSLA,2025-11-09,0.12755,0.0,2
TTD,2025-10-14,0.4939,0.0,1
TTD,2025-10-15,0.0,0.0,1
TTD,2025-10-16,0.0172,0.0,3
TTD,2025-10-18,0.3818,0.0,1
TTD,2025-10-20,0.0772,0.0,2
TTD,2025-10-21,0.0,0.0,4
TTD,2025-10-22,0.123475,0.13538403809070587,4
TTD,2025-10-23,-0.045457142857142856,-0.135015606880188,7
TTD,2025-10-25,0.0,0.0,1
TTD,2025-10-27,0.25,0.0,1
TTD,2025-10-28,0.0,-0.7063667178153992,1
TTD,2025-10-29,-0.3419,0.0,2
TTD,2025-10-30,-0.2997,0.0,2
TTD,2025-10-31,-0.13125,0.0,2
TTD,2025-11-01,0.0,-0.6704851984977722,1
TTD,2025-11-02,-0.296,-0.8369216322898865,1
TTD,2025-11-03,-0.03423333333333333,-0.317052682240804,3
TTD,2025-11-04,0.1027,0.0,1
TTD,2025-11-05,0.16092499999999998,0.5688640028238297,4
TTD,2025-11-06,-0.13622499999999998,-0.71624656021595,8
TTD,2025-11-07,0.1032,-0.15564962228139242,6
TTD,2025-11-09,0.4215,0.0,1
TTWO,2025-10-20,0.0,0.0,1
TTWO,2025-10-22,0.0,0.0,1
TTWO,2025-11-01,-0.296,-0.8658029735088348,2
TTWO,2025-11-05,0.7783,0.866020679473877,1
TTWO,2025-11-06,-0.12295,-0.18903594464063644,8
TTWO,2025-11-07,-0.04321250000000001,-0.5177351012825966,8
TXN,2025-10-13,0.0,0.0,1
TXN,2025-10-14,0.21075,0.01796099543571472,2
TXN,2025-10-19,-0.1909,0.0,2
TXN,2025-10-20,-0.050883333333333336,0.2681966920693715,6
TXN,2025-10-21,-0.05835333333333333,-0.25207314093907673,15
TXN,2025-10-22,-0.21172857142857143,-0.6251196180071149,14
TXN,2025-10-23,0.10469999999999999,-0.03638410568237305,4
TXN,2025-10-24,0.3612,0.0,1
TXN,2025-10-25,0.0,0.0,1
TXN,2025-10-27,0.0,0.0,1
TXN,2025-10-28,0.0,0.4672297239303589,1
TXN,2025-10-30,0.0,0.0,1
TXN,2025-10-31,0.0,0.4420071542263031,2
TXN,2025-11-01,-0.13185,0.0,2
TXN,2025-11-03,0.2023,0.0,1
TXN,2025-11-07,-0.128,-0.9727484583854675,1
TXN,2025-11-08,0.0,-0.9292210340499878,1
TXN,2025-11-10,0.6124,0.0,1
VRSK,2025-10-14,0.27115,0.28757521510124207,2
VRSK,2025-10-15,0.3182,0.7622789144515991,1
VRSK,2025-10-16,0.344575,-0.2529752850532532,4
VRSK,2025-10-21,0.0,0.0,2
VRSK,2025-10-22,0.5106,-0.9573769569396973,1
VRSK,2025-10-28,0.4019,0.8579259514808655,1
VRSK,2025-10-29,-0.09753333333333335,-0.20118752121925354,6
VRSK,2025-10-30,0.2023,0.0,1
VRSK,2025-11-03,-0.4019,0.0,1
VRSK,2025-11-05,0.3818,-0.9688485860824585,2
VRTX,2025-10-14,0.2263,0.0,1
VRTX,2025-10-16,0.0,0.0,1
VRTX,2025-10-17,0.3818,0.9284769296646118,1
VRTX,2025-10-23,0.296,0.6665287613868713,1
VRTX,2025-10-28,0.0,0.0,2
VRTX,2025-10-30,0.2263,0.0,1
VRTX,2025-10-31,0.5423,0.8125190734863281,1
VRTX,2025-11-02,-0.09866666666666667,-0.27897387742996216,3
VRTX,2025-11-03,0.37325,0.4923568417628606,6
VRTX,2025-11-04,0.1366,0.0,2
VRTX,2025-11-05,0.4404,0.9468706250190735,1
VRTX,2025-11-10,0.0,0.0,1
WBD,2025-11-01,0.0,0.5790573954582214,1
WBD,2025-11-02,-0.030766666666666664,-0.5966560244560242,3
WBD,2025-11-03,-0.02145999999999999,-0.04859556555747986,10
WBD,2025-11-04,0.1162818181818182,-0.15769370035691696,11
WBD,2025-11-05,0.001530434782608701,-0.13850338821825775,23
WBD,2025-11-06,-0.047359374999999995,-0.3260505925863981,32
WBD,2025-11-07,0.06550909090909092,-0.11992527679963545,11
WBD,2025-11-08,0.023000000000000007,0.17912238836288452,4
WBD,2025-11-09,0.17200000000000001,-0.878171702226003,3
WBD,2025-11-10,0.2202,0.38997188210487366,2
WDAY,2025-10-22,0.0,0.0,1
WDAY,2025-10-27,0.0516,-0.47087258100509644,1
WDAY,2025-10-28,0.0,0.0,1
WDAY,2025-10-29,0.1779,0.7312594652175903,1
WDAY,2025-11-05,-0.2092,-0.7732959091663361,2
WDAY,2025-11-06,0.4404,0.0,1
WDAY,2025-11-10,0.0,0.0,1
